"step","time","part","epoch","loss","lr"
10,"2024-08-16 08:18:05.026251","train",0,0.495394229888916,0.0003484677321851544
20,"2024-08-16 08:18:19.259883","train",0,0.4894344210624695,0.0003498708239640866
30,"2024-08-16 08:18:33.595918","train",0,0.48535388708114624,0.00035220896103067487
40,"2024-08-16 08:18:47.995223","train",0,0.48385417461395264,0.00035548161961961207
50,"2024-08-16 08:19:02.439470","train",0,0.4772399365901947,0.00035968806662373815
60,"2024-08-16 08:19:16.950941","train",0,0.47547778487205505,0.00036482735975825777
70,"2024-08-16 08:19:31.491468","train",0,0.47776469588279724,0.0003708983477718267
80,"2024-08-16 08:19:48.042090","train",1,0.4684852063655853,0.0003778996707044426
90,"2024-08-16 08:20:02.592592","train",1,0.46310147643089294,0.00038582976019208015
100,"2024-08-16 08:20:17.149483","train",1,0.45841535925865173,0.0003946868398180363
110,"2024-08-16 08:20:31.724179","train",1,0.45665550231933594,0.0004044689255108518
120,"2024-08-16 08:20:46.294604","train",1,0.452053964138031,0.0004151738259887631
130,"2024-08-16 08:21:00.854097","train",1,0.45361408591270447,0.0004267991432505801
140,"2024-08-16 08:21:15.429549","train",1,0.4463527798652649,0.0004393422731128471
150,"2024-08-16 08:21:32.006982","train",2,0.44050392508506775,0.00045280040579322167
160,"2024-08-16 08:21:46.576928","train",2,0.4488024115562439,0.0004671705265398788
170,"2024-08-16 08:22:01.153063","train",2,0.4351600110530853,0.0004824494163068512
180,"2024-08-16 08:22:15.729531","train",2,0.4292141795158386,0.0004986336524751295
190,"2024-08-16 08:22:30.292123","train",2,0.4254978597164154,0.0005157196096193545
200,"2024-08-16 08:22:44.871425","train",2,0.4209580421447754,0.0005337034603199505
210,"2024-08-16 08:22:59.449288","train",2,0.4175276756286621,0.0005525811760205071
220,"2024-08-16 08:23:16.038682","train",3,0.4098535478115082,0.0005723485279302155
230,"2024-08-16 08:23:30.608432","train",3,0.40556925535202026,0.000593001087971147
240,"2024-08-16 08:23:45.183062","train",3,0.39947575330734253,0.0006145342297702062
250,"2024-08-16 08:23:59.757680","train",3,0.39802786707878113,0.0006369431296954602
260,"2024-08-16 08:24:14.332843","train",3,0.39023423194885254,0.0006602227679366936
270,"2024-08-16 08:24:28.914460","train",3,0.3833744525909424,0.0006843679296298939
280,"2024-08-16 08:24:43.496336","train",3,0.3785826563835144,0.0007093732060254217
290,"2024-08-16 08:25:00.130076","train",4,0.371591180562973,0.0007352329956996362
300,"2024-08-16 08:25:14.696874","train",4,0.36555933952331543,0.0007619415058096549
310,"2024-08-16 08:25:29.267139","train",4,0.3572733402252197,0.0007894927533910207
320,"2024-08-16 08:25:43.842339","train",4,0.34960150718688965,0.0008178805666979282
330,"2024-08-16 08:25:58.416277","train",4,0.34288185834884644,0.0008470985865857653
340,"2024-08-16 08:26:12.990624","train",4,0.33521291613578796,0.0008771402679356201
350,"2024-08-16 08:26:27.571256","train",4,0.3274218738079071,0.0009079988811204519
360,"2024-08-16 08:26:44.097671","train",5,0.3190919756889343,0.0009396675135125892
370,"2024-08-16 08:26:58.679218","train",5,0.3154674172401428,0.0009721390710322299
380,"2024-08-16 08:27:13.254147","train",5,0.3025178611278534,0.0010054062797365789
390,"2024-08-16 08:27:27.842010","train",5,0.292438268661499,0.0010394616874492852
400,"2024-08-16 08:27:42.423623","train",5,0.28707778453826904,0.0010742976654298
410,"2024-08-16 08:27:57.007700","train",5,0.2738592326641083,0.0011099064100822892
420,"2024-08-16 08:28:11.586384","train",5,0.2656615972518921,0.0011462799447037111
430,"2024-08-16 08:28:28.128861","train",6,0.26002857089042664,0.001183410121270683
440,"2024-08-16 08:28:42.703187","train",6,0.25324925780296326,0.0012212886222647042
450,"2024-08-16 08:28:57.275433","train",6,0.24370813369750977,0.001259906962535376
460,"2024-08-16 08:29:11.854357","train",6,0.22968623042106628,0.0012992564912011435
470,"2024-08-16 08:29:26.449184","train",6,0.21839140355587006,0.0013393283935871853
480,"2024-08-16 08:29:41.045977","train",6,0.20709553360939026,0.001380113693199984
490,"2024-08-16 08:29:55.635185","train",6,0.19655011594295502,0.0014216032537381447
500,"2024-08-16 08:30:12.227868","train",7,0.19165679812431335,0.00146378778113902
510,"2024-08-16 08:30:26.807572","train",7,0.188435897231102,0.001506657825660662
520,"2024-08-16 08:30:41.383507","train",7,0.17316076159477234,0.0015502037839986663
530,"2024-08-16 08:30:55.956959","train",7,0.16333357989788055,0.001594415901437397
540,"2024-08-16 08:31:10.541144","train",7,0.15387113392353058,0.0016392842740351387
550,"2024-08-16 08:31:25.124886","train",7,0.1541231870651245,0.0016847988508426762
560,"2024-08-16 08:31:39.725594","train",7,0.14622214436531067,0.0017309494361548066
570,"2024-08-16 08:31:56.240838","train",8,0.1484251320362091,0.0017777256917942703
580,"2024-08-16 08:32:10.811600","train",8,0.13388089835643768,0.0018251171394276094
590,"2024-08-16 08:32:25.402351","train",8,0.11798763275146484,0.001873113162912411
600,"2024-08-16 08:32:39.986017","train",8,0.1594993621110916,0.0019217030106754253
610,"2024-08-16 08:32:54.575282","train",8,0.1376509666442871,0.0019708757981210245
620,"2024-08-16 08:33:09.153919","train",8,0.1153535470366478,0.002020620510069456
630,"2024-08-16 08:33:23.751678","train",8,0.09759535640478134,0.002070926003224354
640,"2024-08-16 08:33:40.260675","train",9,0.09030076116323471,0.0021217810086689333
650,"2024-08-16 08:33:54.835721","train",9,0.09287937730550766,0.0021731741343903477
660,"2024-08-16 08:34:09.431331","train",9,0.09947826713323593,0.0022250938678316113
670,"2024-08-16 08:34:24.015543","train",9,0.10394267737865448,0.0022775285784705102
680,"2024-08-16 08:34:38.606267","train",9,0.07851821929216385,0.002330466520424964
690,"2024-08-16 08:34:53.202959","train",9,0.09236332029104233,0.0023838958350842123
700,"2024-08-16 08:35:07.793866","train",9,0.0852961540222168,0.0024378045537652585
710,"2024-08-16 08:35:24.284314","train",10,0.1341591775417328,0.0024921806003939716
720,"2024-08-16 08:35:38.863465","train",10,0.09481622278690338,0.002547011794210241
730,"2024-08-16 08:35:53.450582","train",10,0.07080573588609695,0.0026022858524965865
740,"2024-08-16 08:36:08.035423","train",10,0.0866556167602539,0.002657990393329605
750,"2024-08-16 08:36:22.623013","train",10,0.06039368733763695,0.0027141129383536425
760,"2024-08-16 08:36:37.222883","train",10,0.06247632950544357,0.002770640915576065
770,"2024-08-16 08:36:51.820353","train",10,0.08305510878562927,0.002827561662183505
780,"2024-08-16 08:37:08.556413","train",11,0.05424471199512482,0.0028848624273784583
790,"2024-08-16 08:37:23.144324","train",11,0.09389519691467285,0.002942530375235582
800,"2024-08-16 08:37:37.728040","train",11,0.05745936930179596,0.003000552587577067
810,"2024-08-16 08:37:52.318765","train",11,0.0642375648021698,0.003058916066866436
820,"2024-08-16 08:38:06.899151","train",11,0.05434232950210571,0.0031176077391201137
830,"2024-08-16 08:38:21.500292","train",11,0.05412682518362999,0.0031766144568361326
840,"2024-08-16 08:38:36.090364","train",11,0.04979166388511658,0.0032359230019392924
850,"2024-08-16 08:38:52.824636","train",12,0.061744533479213715,0.00329552008874214
860,"2024-08-16 08:39:07.403605","train",12,0.06006171926856041,0.0033553923669210938
870,"2024-08-16 08:39:21.981723","train",12,0.05529473349452019,0.0034155264245070453
880,"2024-08-16 08:39:36.563353","train",12,0.06562236696481705,0.003475908790889764
890,"2024-08-16 08:39:51.142433","train",12,0.0536075197160244,0.003536525939835453
900,"2024-08-16 08:40:05.722746","train",12,0.053230106830596924,0.0035973642925167457
910,"2024-08-16 08:40:20.296100","train",12,0.06352453678846359,0.003658410220554506
920,"2024-08-16 08:40:37.019617","train",13,0.08673907816410065,0.003719650049070708
930,"2024-08-16 08:40:51.595411","train",13,0.05268501490354538,0.003781070059751746
940,"2024-08-16 08:41:06.169867","train",13,0.06153600662946701,0.0038426564939214687
950,"2024-08-16 08:41:20.755220","train",13,0.08189903944730759,0.0039043955556232485
960,"2024-08-16 08:41:35.334262","train",13,0.06506630778312683,0.00396627341471042
970,"2024-08-16 08:41:49.926614","train",13,0.06335850059986115,0.004028276209944363
980,"2024-08-16 08:42:04.516195","train",13,0.06157566234469414,0.004090390052099549
990,"2024-08-16 08:42:21.179791","train",14,0.056189894676208496,0.004152601027074868
1000,"2024-08-16 08:42:35.756647","train",14,0.07428517937660217,0.004214895199010516
1010,"2024-08-16 08:42:50.335149","train",14,0.04574108123779297,0.004277258613409771
1020,"2024-08-16 08:43:04.914962","train",14,0.058168064802885056,0.004339677300264924
1030,"2024-08-16 08:43:19.487832","train",14,0.047846999019384384,0.004402137277186707
1040,"2024-08-16 08:43:34.072392","train",14,0.04805436357855797,0.004464624552536474
1050,"2024-08-16 08:43:48.646556","train",14,0.06862811744213104,0.004527125128560469
1060,"2024-08-16 08:44:05.309917","train",15,0.04656663537025452,0.004589625004525454
1070,"2024-08-16 08:44:19.884675","train",15,0.04000790789723396,0.004652110179855013
1080,"2024-08-16 08:44:34.462955","train",15,0.04322200268507004,0.004714566657265817
1090,"2024-08-16 08:44:49.042049","train",15,0.05736716836690903,0.004776980445903143
1100,"2024-08-16 08:45:03.618567","train",15,0.047216594219207764,0.004839337564474968
1110,"2024-08-16 08:45:18.197542","train",15,0.03873346745967865,0.004901624044383915
1120,"2024-08-16 08:45:32.775773","train",15,0.0475703626871109,0.004963825932856343
1130,"2024-08-16 08:45:49.424977","train",16,0.051388319581747055,0.00502592929606792
1140,"2024-08-16 08:46:04.000946","train",16,0.06429725885391235,0.005087920222264916
1150,"2024-08-16 08:46:18.580563","train",16,0.04417271539568901,0.005149784824880584
1160,"2024-08-16 08:46:33.155273","train",16,0.05954550951719284,0.005211509245645878
1170,"2024-08-16 08:46:47.731362","train",16,0.04486116021871567,0.005273079657693847
1180,"2024-08-16 08:47:02.316707","train",16,0.03299899399280548,0.005334482268656974
1190,"2024-08-16 08:47:16.901474","train",16,0.038670703768730164,0.005395703323756811
1200,"2024-08-16 08:47:33.509876","train",17,0.03165595233440399,0.005456729108885179
1210,"2024-08-16 08:47:48.085007","train",17,0.03385598957538605,0.005517545953676262
1220,"2024-08-16 08:48:02.656434","train",17,0.07246621698141098,0.005578140234568893
1230,"2024-08-16 08:48:17.228135","train",17,0.04695400223135948,0.005638498377858374
1240,"2024-08-16 08:48:31.811136","train",17,0.06502240896224976,0.005698606862737115
1250,"2024-08-16 08:48:46.399172","train",17,0.035293079912662506,0.00575845222432342
1260,"2024-08-16 08:49:00.989980","train",17,0.04464779049158096,0.005818021056677758
1270,"2024-08-16 08:49:17.638898","train",18,0.034965794533491135,0.005877300015805812
1280,"2024-08-16 08:49:32.210195","train",18,0.03643067926168442,0.005936275822647679
1290,"2024-08-16 08:49:46.789992","train",18,0.03582377731800079,0.005994935266052489
1300,"2024-08-16 08:50:01.376554","train",18,0.03833039104938507,0.0060532652057378525
1310,"2024-08-16 08:50:15.953349","train",18,0.03591318055987358,0.006111252575233386
1320,"2024-08-16 08:50:30.540043","train",18,0.04309410601854324,0.006168884384807749
1330,"2024-08-16 08:50:45.122564","train",18,0.0357477068901062,0.006226147724378456
1340,"2024-08-16 08:51:01.756112","train",19,0.04635372757911682,0.006283029766403868
1350,"2024-08-16 08:51:16.335296","train",19,0.054397910833358765,0.006339517768756676
1360,"2024-08-16 08:51:30.918522","train",19,0.04228314757347107,0.006395599077578274
1370,"2024-08-16 08:51:45.499798","train",19,0.0388631634414196,0.006451261130113335
1380,"2024-08-16 08:52:00.078569","train",19,0.06504818797111511,0.006506491457523996
1390,"2024-08-16 08:52:14.657535","train",19,0.0480923168361187,0.006561277687682988
1400,"2024-08-16 08:52:29.245870","train",19,0.03868411108851433,0.00661560754794513
1410,"2024-08-16 08:52:45.836204","train",20,0.05422569438815117,0.006669468867896503
1420,"2024-08-16 08:53:00.405561","train",20,0.03954052925109863,0.006722849582080748
1430,"2024-08-16 08:53:14.980368","train",20,0.04744058847427368,0.006775737732701846
1440,"2024-08-16 08:53:29.572807","train",20,0.03246172517538071,0.0068281214723027745
1450,"2024-08-16 08:53:44.161917","train",20,0.034361373633146286,0.006879989066419458
1460,"2024-08-16 08:53:58.746301","train",20,0.032732680439949036,0.006931328896209401
1470,"2024-08-16 08:54:13.343552","train",20,0.04732748121023178,0.006982129461054416
1480,"2024-08-16 08:54:29.998146","train",21,0.031008755788207054,0.0070323793811368765
1490,"2024-08-16 08:54:44.573728","train",21,0.054513148963451385,0.00708206739998891
1500,"2024-08-16 08:54:59.149285","train",21,0.03007950261235237,0.007131182387013945
1510,"2024-08-16 08:55:13.736377","train",21,0.027808643877506256,0.007179713339980085
1520,"2024-08-16 08:55:28.318512","train",21,0.0445600301027298,0.007227649387484704
1530,"2024-08-16 08:55:42.909658","train",21,0.04247632622718811,0.007274979791389756
1540,"2024-08-16 08:55:57.491853","train",21,0.04109217971563339,0.007321693949227209
1550,"2024-08-16 08:56:14.095343","train",22,0.024549484252929688,0.007367781396574112
1560,"2024-08-16 08:56:28.666239","train",22,0.03302091360092163,0.007413231809396725
1570,"2024-08-16 08:56:43.254750","train",22,0.03235756605863571,0.007458035006363195
1580,"2024-08-16 08:56:57.835819","train",22,0.025956060737371445,0.007502180951124278
1590,"2024-08-16 08:57:12.423077","train",22,0.027705486863851547,0.00754565975456158
1600,"2024-08-16 08:57:27.004771","train",22,0.05124647542834282,0.007588461677002813
1610,"2024-08-16 08:57:41.588205","train",22,0.04381624981760979,0.007630577130403571
1620,"2024-08-16 08:57:58.236646","train",23,0.03053320199251175,0.007671996680495157
1630,"2024-08-16 08:58:12.812807","train",23,0.03676607832312584,0.007712711048897936
1640,"2024-08-16 08:58:27.385347","train",23,0.028285101056098938,0.0077527111151997905
1650,"2024-08-16 08:58:41.975795","train",23,0.028784412890672684,0.007791987918999182
1660,"2024-08-16 08:58:56.557721","train",23,0.04236627742648125,0.007830532661912361
1670,"2024-08-16 08:59:11.139619","train",23,0.03735975921154022,0.007868336709544293
1680,"2024-08-16 08:59:25.723895","train",23,0.03119547665119171,0.007905391593422852
1690,"2024-08-16 08:59:42.406389","train",24,0.028404943645000458,0.007941689012895827
1700,"2024-08-16 08:59:56.978875","train",24,0.027984891086816788,0.007977220836990364
1710,"2024-08-16 09:00:11.555260","train",24,0.05071065574884415,0.008011979106234371
1720,"2024-08-16 09:00:26.148327","train",24,0.043218012899160385,0.00804595603443952
1730,"2024-08-16 09:00:40.737665","train",24,0.039696842432022095,0.008079144010445433
1740,"2024-08-16 09:00:55.320316","train",24,0.04279046505689621,0.008111535599824648
1750,"2024-08-16 09:01:09.898960","train",24,0.030948525294661522,0.008143123546548009
1760,"2024-08-16 09:01:26.516066","train",25,0.05164084956049919,0.008173900774610079
1770,"2024-08-16 09:01:41.088323","train",25,0.02799641713500023,0.008203860389614246
1780,"2024-08-16 09:01:55.679450","train",25,0.029538635164499283,0.008232995680317119
1790,"2024-08-16 09:02:10.260816","train",25,0.031003817915916443,0.008261300120131926
1800,"2024-08-16 09:02:24.847424","train",25,0.02992764115333557,0.008288767368590522
1810,"2024-08-16 09:02:39.430774","train",25,0.038984514772892,0.008315391272763721
1820,"2024-08-16 09:02:54.010976","train",25,0.024963900446891785,0.008341165868639608
1830,"2024-08-16 09:03:10.635728","train",26,0.02453146129846573,0.008366085382459539
1840,"2024-08-16 09:03:25.216302","train",26,0.028189510107040405,0.008390144232011516
1850,"2024-08-16 09:03:39.792472","train",26,0.03888851776719093,0.008413337027880658
1860,"2024-08-16 09:03:54.369907","train",26,0.028251079842448235,0.008435658574656479
1870,"2024-08-16 09:04:08.942958","train",26,0.032560642808675766,0.008457103872096713
1880,"2024-08-16 09:04:23.532035","train",26,0.05051061138510704,0.00847766811624742
1890,"2024-08-16 09:04:38.114748","train",26,0.05554909631609917,0.008497346700519109
1900,"2024-08-16 09:04:54.706694","train",27,0.03866853564977646,0.008516135216718667
1910,"2024-08-16 09:05:09.277464","train",27,0.025204405188560486,0.008534029456036832
1920,"2024-08-16 09:05:23.852215","train",27,0.049412697553634644,0.008551025409991008
1930,"2024-08-16 09:05:38.426615","train",27,0.044006239622831345,0.008567119271323207
1940,"2024-08-16 09:05:53.011221","train",27,0.03894452005624771,0.00858230743485291
1950,"2024-08-16 09:06:07.583042","train",27,0.043998248875141144,0.008596586498284653
1960,"2024-08-16 09:06:22.163537","train",27,0.0417570136487484,0.008609953262970196
1970,"2024-08-16 09:06:38.743898","train",28,0.027232807129621506,0.008622404734625022
1980,"2024-08-16 09:06:53.332827","train",28,0.031402263790369034,0.008633938123999117
1990,"2024-08-16 09:07:07.914773","train",28,0.02327454462647438,0.00864455084750176
2000,"2024-08-16 09:07:22.492902","train",28,0.02596040815114975,0.008654240527780292
2010,"2024-08-16 09:07:37.070515","train",28,0.026254087686538696,0.00866300499425266
2020,"2024-08-16 09:07:51.654171","train",28,0.03784110024571419,0.008670842283593645
2030,"2024-08-16 09:08:06.233604","train",28,0.03332027420401573,0.00867775064017467
2040,"2024-08-16 09:08:22.813260","train",29,0.04410623759031296,0.008683728516457075
2050,"2024-08-16 09:08:37.391476","train",29,0.02184790000319481,0.008688774573338784
2060,"2024-08-16 09:08:51.968874","train",29,0.03224512189626694,0.008692887680454276
2070,"2024-08-16 09:09:06.551972","train",29,0.02089555189013481,0.008696066916427794
2080,"2024-08-16 09:09:21.142496","train",29,0.03625643998384476,0.008698311569079744
2090,"2024-08-16 09:09:35.724246","train",29,0.021691646426916122,0.008699621135586233
2100,"2024-08-16 09:09:50.308066","train",29,0.020305734127759933,0.008699999105943232
2110,"2024-08-16 09:10:06.876681","train",30,0.03292912244796753,0.008699891819575903
2120,"2024-08-16 09:10:21.455957","train",30,0.021372906863689423,0.008699605726908479
2130,"2024-08-16 09:10:36.035970","train",30,0.022012269124388695,0.008699140839701107
2140,"2024-08-16 09:10:50.611457","train",30,0.024688586592674255,0.00869849717706348
2150,"2024-08-16 09:11:05.199098","train",30,0.033458396792411804,0.008697674765454048
2160,"2024-08-16 09:11:19.785772","train",30,0.019243454560637474,0.008696673638678931
2170,"2024-08-16 09:11:34.363217","train",30,0.020337313413619995,0.008695493837890532
2180,"2024-08-16 09:11:50.893909","train",31,0.03133723884820938,0.008694135411585837
2190,"2024-08-16 09:12:05.464008","train",31,0.018229374662041664,0.008692598415604432
2200,"2024-08-16 09:12:20.031872","train",31,0.030489057302474976,0.008690882913126204
2210,"2024-08-16 09:12:34.602968","train",31,0.021631579846143723,0.008688988974668736
2220,"2024-08-16 09:12:49.179189","train",31,0.0273531936109066,0.008686916678084425
2230,"2024-08-16 09:13:03.754290","train",31,0.023457840085029602,0.008684666108557263
2240,"2024-08-16 09:13:18.329148","train",31,0.03546326607465744,0.00868223735859935
2250,"2024-08-16 09:13:34.881347","train",32,0.02460378035902977,0.008679630528047084
2260,"2024-08-16 09:13:49.408813","train",32,0.022208910435438156,0.00867684572405706
2270,"2024-08-16 09:14:03.975077","train",32,0.015543339774012566,0.00867388306110166
2280,"2024-08-16 09:14:18.544569","train",32,0.020214257761836052,0.008670742660964357
2290,"2024-08-16 09:14:33.118852","train",32,0.024526327848434448,0.008667424652734698
2300,"2024-08-16 09:14:47.693999","train",32,0.015517421066761017,0.008663929172803005
2310,"2024-08-16 09:15:02.262894","train",32,0.016806259751319885,0.008660256364854771
2320,"2024-08-16 09:15:18.732356","train",33,0.021997785195708275,0.008656406379864744
2330,"2024-08-16 09:15:33.246331","train",33,0.019214265048503876,0.008652379376090725
2340,"2024-08-16 09:15:47.809790","train",33,0.02037910558283329,0.00864817551906707
2350,"2024-08-16 09:16:02.381199","train",33,0.01988806389272213,0.00864379498159787
2360,"2024-08-16 09:16:16.941393","train",33,0.021616434678435326,0.008639237943749871
2370,"2024-08-16 09:16:31.508085","train",33,0.015753572806715965,0.008634504592845045
2380,"2024-08-16 09:16:46.073332","train",33,0.015044134110212326,0.00862959512345291
2390,"2024-08-16 09:17:02.712978","train",34,0.025855761021375656,0.008624509737382524
2400,"2024-08-16 09:17:17.216481","train",34,0.016727425158023834,0.008619248643674188
2410,"2024-08-16 09:17:31.750643","train",34,0.03209589049220085,0.00861381205859086
2420,"2024-08-16 09:17:46.312393","train",34,0.01793035678565502,0.008608200205609259
2430,"2024-08-16 09:18:00.876843","train",34,0.018399983644485474,0.00860241331541068
2440,"2024-08-16 09:18:15.440883","train",34,0.013409141451120377,0.008596451625871516
2450,"2024-08-16 09:18:30.003763","train",34,0.018306463956832886,0.00859031538205347
2460,"2024-08-16 09:18:46.614545","train",35,0.01401654165238142,0.008584004836193492
2470,"2024-08-16 09:19:01.121762","train",35,0.01700965315103531,0.008577520247693409
2480,"2024-08-16 09:19:15.675788","train",35,0.014507501386106014,0.008570861883109253
2490,"2024-08-16 09:19:30.234190","train",35,0.01890537515282631,0.008564030016140313
2500,"2024-08-16 09:19:44.786457","train",35,0.026391442865133286,0.008557024927617882
2510,"2024-08-16 09:19:59.344008","train",35,0.014954688027501106,0.008549846905493713
2520,"2024-08-16 09:20:13.893922","train",35,0.02734687551856041,0.008542496244828179
2530,"2024-08-16 09:20:30.484844","train",36,0.023757051676511765,0.00853497324777815
2540,"2024-08-16 09:20:45.038254","train",36,0.0192237701267004,0.00852727822358457
2550,"2024-08-16 09:20:59.591294","train",36,0.018472818657755852,0.008519411488559746
2560,"2024-08-16 09:21:14.149875","train",36,0.018650831654667854,0.008511373366074338
2570,"2024-08-16 09:21:28.704121","train",36,0.025246936827898026,0.008503164186544085
2580,"2024-08-16 09:21:43.266136","train",36,0.021709010004997253,0.008494784287416198
2590,"2024-08-16 09:21:57.826669","train",36,0.01808064430952072,0.008486234013155512
2600,"2024-08-16 09:22:14.380136","train",37,0.014514940790832043,0.00847751371523031
2610,"2024-08-16 09:22:28.932254","train",37,0.022918134927749634,0.008468623752097887
2620,"2024-08-16 09:22:43.487205","train",37,0.013995669782161713,0.008459564489189808
2630,"2024-08-16 09:22:58.043070","train",37,0.012700609862804413,0.008450336298896886
2640,"2024-08-16 09:23:12.608419","train",37,0.016071684658527374,0.00844093956055388
2650,"2024-08-16 09:23:27.172192","train",37,0.02541634999215603,0.008431374660423903
2660,"2024-08-16 09:23:41.741135","train",37,0.023943519219756126,0.00842164199168253
2670,"2024-08-16 09:23:58.274990","train",38,0.01845354028046131,0.008411741954401657
2680,"2024-08-16 09:24:12.846818","train",38,0.01813884638249874,0.008401674955533041
2690,"2024-08-16 09:24:27.408440","train",38,0.016528699547052383,0.008391441408891573
2700,"2024-08-16 09:24:41.979813","train",38,0.021452341228723526,0.008381041735138274
2710,"2024-08-16 09:24:56.549654","train",38,0.013849308714270592,0.008370476361763
2720,"2024-08-16 09:25:11.126468","train",38,0.014504587277770042,0.008359745723066869
2730,"2024-08-16 09:25:25.694784","train",38,0.030956391245126724,0.008348850260144407
2740,"2024-08-16 09:25:42.339445","train",39,0.015058006159961224,0.008337790420865425
2750,"2024-08-16 09:25:56.908217","train",39,0.01572708785533905,0.00832656665985659
2760,"2024-08-16 09:26:11.473525","train",39,0.013657434843480587,0.008315179438482763
2770,"2024-08-16 09:26:26.045219","train",39,0.01876685582101345,0.00830362922482801
2780,"2024-08-16 09:26:40.620418","train",39,0.015201263129711151,0.008291916493676377
2790,"2024-08-16 09:26:55.194024","train",39,0.02767973765730858,0.008280041726492366
2800,"2024-08-16 09:27:09.774664","train",39,0.019833171740174294,0.008268005411401146
2810,"2024-08-16 09:27:26.347371","train",40,0.013197280466556549,0.008255808043168484
2820,"2024-08-16 09:27:40.920253","train",40,0.015765225514769554,0.00824345012318042
2830,"2024-08-16 09:27:55.490754","train",40,0.015222502872347832,0.008230932159422638
2840,"2024-08-16 09:28:10.067470","train",40,0.017511429265141487,0.0082182546664596
2850,"2024-08-16 09:28:24.642527","train",40,0.020586442202329636,0.008205418165413387
2860,"2024-08-16 09:28:39.222322","train",40,0.02272915467619896,0.008192423183942279
2870,"2024-08-16 09:28:53.796321","train",40,0.01843339018523693,0.008179270256219067
2880,"2024-08-16 09:29:10.364822","train",41,0.014859317801892757,0.008165959922909093
2890,"2024-08-16 09:29:24.931599","train",41,0.02052234672009945,0.008152492731148028
2900,"2024-08-16 09:29:39.499800","train",41,0.01581554487347603,0.008138869234519378
2910,"2024-08-16 09:29:54.068766","train",41,0.021815836429595947,0.008125089993031727
2920,"2024-08-16 09:30:08.631527","train",41,0.012930862605571747,0.008111155573095724
2930,"2024-08-16 09:30:23.199459","train",41,0.016849089413881302,0.008097066547500796
2940,"2024-08-16 09:30:37.764080","train",41,0.015843426808714867,0.008082823495391602
2950,"2024-08-16 09:30:54.434875","train",42,0.01739087887108326,0.008068427002244229
2960,"2024-08-16 09:31:08.993268","train",42,0.011373236775398254,0.00805387765984212
2970,"2024-08-16 09:31:23.558431","train",42,0.021592384204268456,0.00803917606625176
2980,"2024-08-16 09:31:38.123464","train",42,0.01204669289290905,0.008024322825798073
2990,"2024-08-16 09:31:52.681501","train",42,0.02081284113228321,0.008009318549039605
3000,"2024-08-16 09:32:07.240238","train",42,0.014617330394685268,0.007994163852743399
3010,"2024-08-16 09:32:21.798958","train",42,0.013827875256538391,0.007978859359859668
3020,"2024-08-16 09:32:38.334651","train",43,0.01625920459628105,0.007963405699496169
3030,"2024-08-16 09:32:52.837121","train",43,0.01362158264964819,0.00794780350689235
3040,"2024-08-16 09:33:07.395986","train",43,0.02120625041425228,0.007932053423393244
3050,"2024-08-16 09:33:21.955360","train",43,0.02279186248779297,0.00791615609642309
3060,"2024-08-16 09:33:36.514682","train",43,0.01152549684047699,0.007900112179458737
3070,"2024-08-16 09:33:51.071569","train",43,0.014164990745484829,0.007883922332002769
3080,"2024-08-16 09:34:05.632200","train",43,0.014461847953498363,0.007867587219556405
3090,"2024-08-16 09:34:22.225618","train",44,0.020838644355535507,0.007851107513592139
3100,"2024-08-16 09:34:36.772935","train",44,0.013802407309412956,0.007834483891526136
3110,"2024-08-16 09:34:51.328043","train",44,0.02405528724193573,0.007817717036690387
3120,"2024-08-16 09:35:05.889514","train",44,0.02209567092359066,0.007800807638304624
3130,"2024-08-16 09:35:20.446181","train",44,0.022412752732634544,0.007783756391447985
3140,"2024-08-16 09:35:35.003705","train",44,0.019903767853975296,0.007766563997030444
3150,"2024-08-16 09:35:49.566502","train",44,0.016778208315372467,0.007749231161763998
3160,"2024-08-16 09:36:06.239211","train",45,0.012902868911623955,0.007731758598133613
3170,"2024-08-16 09:36:20.788608","train",45,0.018951598554849625,0.00771414702436795
3180,"2024-08-16 09:36:35.342641","train",45,0.014426810666918755,0.007696397164409821
3190,"2024-08-16 09:36:49.897240","train",45,0.02335966005921364,0.007678509747886452
3200,"2024-08-16 09:37:04.455970","train",45,0.01333596557378769,0.0076604855100794724
3210,"2024-08-16 09:37:19.009156","train",45,0.013599609956145287,0.007642325191894706
3220,"2024-08-16 09:37:33.565906","train",45,0.021922077983617783,0.007624029539831701
3230,"2024-08-16 09:37:50.148489","train",46,0.011659480631351471,0.007605599305953057
3240,"2024-08-16 09:38:04.698443","train",46,0.018400371074676514,0.007587035247853501
3250,"2024-08-16 09:38:19.249285","train",46,0.01466042548418045,0.007568338128628751
3260,"2024-08-16 09:38:33.805816","train",46,0.01593882218003273,0.007549508716844148
3270,"2024-08-16 09:38:48.360132","train",46,0.012670308351516724,0.007530547786503061
3280,"2024-08-16 09:39:02.924486","train",46,0.015110611915588379,0.0075114561170150675
3290,"2024-08-16 09:39:17.483301","train",46,0.02177594229578972,0.007492234493163928
3300,"2024-08-16 09:39:34.127356","train",47,0.01571696251630783,0.007472883705075311
3310,"2024-08-16 09:39:48.678073","train",47,0.017977816984057426,0.007453404548184323
3320,"2024-08-16 09:40:03.231517","train",47,0.0167593564838171,0.007433797823202809
3330,"2024-08-16 09:40:17.779798","train",47,0.012603603303432465,0.007414064336086438
3340,"2024-08-16 09:40:32.336404","train",47,0.015172331593930721,0.0073942048980015765
3350,"2024-08-16 09:40:46.895006","train",47,0.01482344325631857,0.007374220325291939
3360,"2024-08-16 09:41:01.453809","train",47,0.015260420739650726,0.007354111439445036
3370,"2024-08-16 09:41:18.110659","train",48,0.013652913272380829,0.007333879067058402
3380,"2024-08-16 09:41:32.664813","train",48,0.013492423109710217,0.007313524039805622
3390,"2024-08-16 09:41:47.223206","train",48,0.010720591992139816,0.0072930471944021415
3400,"2024-08-16 09:42:01.787997","train",48,0.014544293284416199,0.007272449372570872
3410,"2024-08-16 09:42:16.351174","train",48,0.014419646933674812,0.007251731421007594
3420,"2024-08-16 09:42:30.910411","train",48,0.015894001349806786,0.007230894191346149
3430,"2024-08-16 09:42:45.478204","train",48,0.01254041027277708,0.007209938540123434
3440,"2024-08-16 09:43:02.105215","train",49,0.010715200565755367,0.007188865328744193
3450,"2024-08-16 09:43:16.657345","train",49,0.01475505717098713,0.0071676754234456085
3460,"2024-08-16 09:43:31.210455","train",49,0.01771230250597,0.007146369695261692
3470,"2024-08-16 09:43:45.773797","train",49,0.017750045284628868,0.007124949019987479
3480,"2024-08-16 09:44:00.334428","train",49,0.012246589176356792,0.0071034142781430335
3490,"2024-08-16 09:44:14.900167","train",49,0.010541430674493313,0.007081766354937245
3500,"2024-08-16 09:44:29.469837","train",49,0.019681455567479134,0.007060006140231449
3510,"2024-08-16 09:44:46.132805","train",50,0.02057531289756298,0.00703813452850284
3520,"2024-08-16 09:45:00.695289","train",50,0.017935045063495636,0.0070161524188077145
3530,"2024-08-16 09:45:15.263378","train",50,0.01352488249540329,0.006994060714744501
3540,"2024-08-16 09:45:29.832641","train",50,0.0158285703510046,0.006971860324416629
3550,"2024-08-16 09:45:44.403368","train",50,0.016927896067500114,0.006949552160395189
3560,"2024-08-16 09:45:58.972710","train",50,0.015877405181527138,0.006927137139681431
3570,"2024-08-16 09:46:13.547736","train",50,0.0128362737596035,0.006904616183669064
3580,"2024-08-16 09:46:30.221943","train",51,0.016399584710597992,0.006881990218106377
3590,"2024-08-16 09:46:44.792659","train",51,0.01506197638809681,0.006859260173058199
3600,"2024-08-16 09:46:59.368291","train",51,0.009863385930657387,0.0068364269828676515
3610,"2024-08-16 09:47:13.944639","train",51,0.014220461249351501,0.006813491586117752
3620,"2024-08-16 09:47:28.526744","train",51,0.018671471625566483,0.00679045492559283
3630,"2024-08-16 09:47:43.103649","train",51,0.016706621274352074,0.006767317948239771
3640,"2024-08-16 09:47:57.680883","train",51,0.013677122071385384,0.0067440816051290925
3650,"2024-08-16 09:48:14.325200","train",52,0.01586690917611122,0.006720746851415849
3660,"2024-08-16 09:48:28.888728","train",52,0.019630953669548035,0.00669731464630037
3670,"2024-08-16 09:48:43.456577","train",52,0.012806924991309643,0.00667378595298883
3680,"2024-08-16 09:48:58.020349","train",52,0.016248730942606926,0.006650161738653657
3690,"2024-08-16 09:49:12.604370","train",52,0.010365787893533707,0.006626442974393769
3700,"2024-08-16 09:49:27.175623","train",52,0.016905978322029114,0.006602630635194668
3710,"2024-08-16 09:49:41.747466","train",52,0.012772856280207634,0.006578725699888349
3720,"2024-08-16 09:49:58.324846","train",53,0.015895145013928413,0.006554729151113077
3730,"2024-08-16 09:50:12.892478","train",53,0.02004018984735012,0.006530641975272982
3740,"2024-08-16 09:50:27.456296","train",53,0.010148379020392895,0.006506465162497519
3750,"2024-08-16 09:50:42.024350","train",53,0.012842325493693352,0.006482199706600769
3760,"2024-08-16 09:50:56.596412","train",53,0.017663057893514633,0.00645784660504058
3770,"2024-08-16 09:51:11.161771","train",53,0.0101318359375,0.006433406858877575
3780,"2024-08-16 09:51:25.732836","train",53,0.01600710302591324,0.006408881472733993
3790,"2024-08-16 09:51:42.328872","train",54,0.015249649062752724,0.006384271454752402
3800,"2024-08-16 09:51:56.875293","train",54,0.020025767385959625,0.006359577816554246
3810,"2024-08-16 09:52:11.439581","train",54,0.011751968413591385,0.006334801573198276
3820,"2024-08-16 09:52:25.998418","train",54,0.011415179818868637,0.006309943743138814
3830,"2024-08-16 09:52:40.559080","train",54,0.01715325564146042,0.006285005348183891
3840,"2024-08-16 09:52:55.126000","train",54,0.01117694191634655,0.00625998741345325
3850,"2024-08-16 09:53:09.687461","train",54,0.01344715803861618,0.0062348909673361945
3860,"2024-08-16 09:53:26.238842","train",55,0.014650266617536545,0.006209717041449332
3870,"2024-08-16 09:53:40.803858","train",55,0.019378580152988434,0.0061844666705941536
3880,"2024-08-16 09:53:55.356584","train",55,0.014430442824959755,0.006159140892714508
3890,"2024-08-16 09:54:09.919923","train",55,0.010777147486805916,0.006133740748853929
3900,"2024-08-16 09:54:24.483453","train",55,0.016172325238585472,0.006108267283112845
3910,"2024-08-16 09:54:39.043443","train",55,0.015171839855611324,0.006082721542605661
3920,"2024-08-16 09:54:53.607059","train",55,0.016283072531223297,0.006057104577417711
3930,"2024-08-16 09:55:10.261699","train",56,0.012748908251523972,0.006031417440562101
3940,"2024-08-16 09:55:24.794294","train",56,0.012798438780009747,0.006005661187936416
3950,"2024-08-16 09:55:39.347845","train",56,0.010880167596042156,0.005979836878279325
3960,"2024-08-16 09:55:53.909530","train",56,0.014450880698859692,0.005953945573127045
3970,"2024-08-16 09:56:08.469460","train",56,0.013993415981531143,0.005927988336769726
3980,"2024-08-16 09:56:23.027904","train",56,0.01486099511384964,0.005901966236207687
3990,"2024-08-16 09:56:37.587514","train",56,0.01601044088602066,0.005875880341107557
4000,"2024-08-16 09:56:54.137555","train",57,0.015089771710336208,0.0058497317237583175
4010,"2024-08-16 09:57:08.691560","train",57,0.012601586990058422,0.005823521459027206
4020,"2024-08-16 09:57:23.244268","train",57,0.013253726065158844,0.0057972506243155475
4030,"2024-08-16 09:57:37.797682","train",57,0.0114390067756176,0.005770920299514463
4040,"2024-08-16 09:57:52.351900","train",57,0.013603143393993378,0.005744531566960476
4050,"2024-08-16 09:58:06.915183","train",57,0.017720630392432213,0.005718085511391023
4060,"2024-08-16 09:58:21.469958","train",57,0.01563677191734314,0.005691583219899867
4070,"2024-08-16 09:58:38.123675","train",58,0.014946907758712769,0.005665025781892409
4080,"2024-08-16 09:58:52.672241","train",58,0.012452724389731884,0.005638414289040907
4090,"2024-08-16 09:59:07.227462","train",58,0.011714702472090721,0.0056117498352396015
4100,"2024-08-16 09:59:21.772812","train",58,0.009722840040922165,0.005585033516559751
4110,"2024-08-16 09:59:36.325594","train",58,0.014666451141238213,0.005558266431204577
4120,"2024-08-16 09:59:50.880141","train",58,0.012441584840416908,0.005531449679464118
4130,"2024-08-16 10:00:05.435957","train",58,0.010907977819442749,0.005504584363670005
4140,"2024-08-16 10:00:22.069586","train",59,0.016469797119498253,0.005477671588150143
4150,"2024-08-16 10:00:36.625708","train",59,0.012565451674163342,0.005450712459183324
4160,"2024-08-16 10:00:51.183538","train",59,0.01823548600077629,0.005423708084953753
4170,"2024-08-16 10:01:05.742150","train",59,0.015259891748428345,0.00539665957550548
4180,"2024-08-16 10:01:20.301947","train",59,0.008774163201451302,0.005369568042696791
4190,"2024-08-16 10:01:34.859578","train",59,0.010848159901797771,0.005342434600154486
4200,"2024-08-16 10:01:49.420579","train",59,0.011966569349169731,0.0053152603632281165
4210,"2024-08-16 10:02:06.042701","train",60,0.011740314774215221,0.005288046448944125
4220,"2024-08-16 10:02:20.598202","train",60,0.011970782652497292,0.00526079397595994
4230,"2024-08-16 10:02:35.160335","train",60,0.011591112241148949,0.005233504064517987
4240,"2024-08-16 10:02:49.721754","train",60,0.014869528822600842,0.005206177836399635
4250,"2024-08-16 10:03:04.287834","train",60,0.015339933335781097,0.005178816414879094
4260,"2024-08-16 10:03:18.848666","train",60,0.009550034068524837,0.005151420924677234
4270,"2024-08-16 10:03:33.411652","train",60,0.01147923618555069,0.005123992491915359
4280,"2024-08-16 10:03:50.040159","train",61,0.010735741816461086,0.0050965322440689066
4290,"2024-08-16 10:04:04.602183","train",61,0.01516377367079258,0.0050690413099211155
4300,"2024-08-16 10:04:19.164406","train",61,0.010940979234874249,0.00504152081951661
4310,"2024-08-16 10:04:33.727071","train",61,0.011735222302377224,0.005013971904114962
4320,"2024-08-16 10:04:48.287866","train",61,0.012315129861235619,0.004986395696144183
4330,"2024-08-16 10:05:02.851427","train",61,0.011856099590659142,0.004958793329154171
4340,"2024-08-16 10:05:17.418827","train",61,0.015881620347499847,0.004931165937770124
4350,"2024-08-16 10:05:34.016042","train",62,0.01134429406374693,0.004903514657645893
4360,"2024-08-16 10:05:48.573408","train",62,0.014466062188148499,0.0048758406254173015
4370,"2024-08-16 10:06:03.143624","train",62,0.011531996540725231,0.004848144978655419
4380,"2024-08-16 10:06:17.712341","train",62,0.008010512217879295,0.004820428855819813
4390,"2024-08-16 10:06:32.274493","train",62,0.012104373425245285,0.004792693396211734
4400,"2024-08-16 10:06:46.849968","train",62,0.012810519896447659,0.004764939739927292
4410,"2024-08-16 10:07:01.422828","train",62,0.012243390083312988,0.004737169027810596
4420,"2024-08-16 10:07:18.001096","train",63,0.008820194751024246,0.00470938240140685
4430,"2024-08-16 10:07:32.569575","train",63,0.009531351737678051,0.004681581002915433
4440,"2024-08-16 10:07:47.129391","train",63,0.010493620298802853,0.004653765975142946
4450,"2024-08-16 10:08:01.694144","train",63,0.012273458763957024,0.0046259384614562365
4460,"2024-08-16 10:08:16.262260","train",63,0.008730482310056686,0.0045980996057354
4470,"2024-08-16 10:08:30.830430","train",63,0.00845979992300272,0.004570250552326756
4480,"2024-08-16 10:08:45.394549","train",63,0.011157057248055935,0.004542392445995813
4490,"2024-08-16 10:09:02.041132","train",64,0.008887491188943386,0.0045145264318802135
4500,"2024-08-16 10:09:16.603714","train",64,0.008516515605151653,0.00448665365544265
4510,"2024-08-16 10:09:31.159086","train",64,0.01319204643368721,0.004458775262423793
4520,"2024-08-16 10:09:45.723635","train",64,0.008561966940760612,0.0044308923987951875
4530,"2024-08-16 10:10:00.285259","train",64,0.01251232624053955,0.004403006210712146
4540,"2024-08-16 10:10:14.852842","train",64,0.01089886948466301,0.004375117844466639
4550,"2024-08-16 10:10:29.417513","train",64,0.00905052199959755,0.004347228446440173
4560,"2024-08-16 10:10:45.952930","train",65,0.009695969521999359,0.004319339163056664
4570,"2024-08-16 10:11:00.509242","train",65,0.01398545317351818,0.004291451140735317
4580,"2024-08-16 10:11:15.068495","train",65,0.008747091516852379,0.004263565525843502
4590,"2024-08-16 10:11:29.628018","train",65,0.012575739994645119,0.004235683464649622
4600,"2024-08-16 10:11:44.179251","train",65,0.012841617688536644,0.004207806103276008
4610,"2024-08-16 10:11:58.731045","train",65,0.012755031697452068,0.0041799345876518
4620,"2024-08-16 10:12:13.292382","train",65,0.01059986837208271,0.004152070063465842
4630,"2024-08-16 10:12:29.864970","train",66,0.013552888296544552,0.0041242136761195786
4640,"2024-08-16 10:12:44.418374","train",66,0.010650262236595154,0.004096366570679993
4650,"2024-08-16 10:12:58.967582","train",66,0.016240809112787247,0.004068529891832516
4660,"2024-08-16 10:13:13.522398","train",66,0.01296437531709671,0.00404070478383399
4670,"2024-08-16 10:13:28.076373","train",66,0.011628948152065277,0.004012892390465621
4680,"2024-08-16 10:13:42.635234","train",66,0.012454112991690636,0.003985093854985965
4690,"2024-08-16 10:13:57.188911","train",66,0.007733629550784826,0.003957310320083936
4700,"2024-08-16 10:14:13.885686","train",67,0.01265937089920044,0.003929542927831834
4710,"2024-08-16 10:14:28.421612","train",67,0.008099845610558987,0.0039017928196383995
4720,"2024-08-16 10:14:42.961863","train",67,0.013848657719790936,0.0038740611362018847
4730,"2024-08-16 10:14:57.512772","train",67,0.010748172178864479,0.003846349017463182
4740,"2024-08-16 10:15:12.066897","train",67,0.010931603610515594,0.003818657602558952
4750,"2024-08-16 10:15:26.621746","train",67,0.008428633213043213,0.0037909880297748006
4760,"2024-08-16 10:15:41.176944","train",67,0.008937438949942589,0.0037633414364984926
4770,"2024-08-16 10:15:57.748214","train",68,0.00949533935636282,0.0037357189591731895
4780,"2024-08-16 10:16:12.252526","train",68,0.010834726504981518,0.0037081217332507474
4790,"2024-08-16 10:16:26.804360","train",68,0.011510958895087242,0.003680550893145031
4800,"2024-08-16 10:16:41.358808","train",68,0.011925453320145607,0.003653007572185291
4810,"2024-08-16 10:16:55.917269","train",68,0.010423539206385612,0.0036254929025695717
4820,"2024-08-16 10:17:10.475433","train",68,0.010457487776875496,0.003598008015318173
4830,"2024-08-16 10:17:25.029378","train",68,0.013021618127822876,0.00357055404022716
4840,"2024-08-16 10:17:41.579813","train",69,0.008143169805407524,0.003543132105821917
4850,"2024-08-16 10:17:56.130766","train",69,0.010925045236945152,0.0035157433393107652
4860,"2024-08-16 10:18:10.682547","train",69,0.013649026863276958,0.00348838886653862
4870,"2024-08-16 10:18:25.234043","train",69,0.01237678062170744,0.0034610698119407167
4880,"2024-08-16 10:18:39.790857","train",69,0.008829719386994839,0.0034337872984963893
4890,"2024-08-16 10:18:54.345438","train",69,0.014034835621714592,0.003406542447682909
4900,"2024-08-16 10:19:08.903597","train",69,0.013189970515668392,0.0033793363794293774
4910,"2024-08-16 10:19:25.497882","train",70,0.008653616532683372,0.003352170212070704
4920,"2024-08-16 10:19:40.050689","train",70,0.007625337690114975,0.0033250450623016265
4930,"2024-08-16 10:19:54.604134","train",70,0.007591198664158583,0.0032979620451308086
4940,"2024-08-16 10:20:09.163038","train",70,0.013278997503221035,0.0032709222738350136
4950,"2024-08-16 10:20:23.719616","train",70,0.007328077219426632,0.003243926859913326
4960,"2024-08-16 10:20:38.278471","train",70,0.01093272864818573,0.003216976913041482
4970,"2024-08-16 10:20:52.834228","train",70,0.009219209663569927,0.0031900735410262406
4980,"2024-08-16 10:21:09.431383","train",71,0.011992696672677994,0.0031632178497598513
4990,"2024-08-16 10:21:23.997654","train",71,0.010655030608177185,0.0031364109431745984
5000,"2024-08-16 10:21:38.553880","train",71,0.007961025461554527,0.003109653923197413
5010,"2024-08-16 10:21:53.107019","train",71,0.0074221245013177395,0.0030829478897045873
5020,"2024-08-16 10:22:07.671181","train",71,0.012023708783090115,0.003056293940476558
5030,"2024-08-16 10:22:22.240406","train",71,0.007562658749520779,0.0030296931711527838
5040,"2024-08-16 10:22:36.803292","train",71,0.010267715901136398,0.003003146675186699
5050,"2024-08-16 10:22:53.507671","train",72,0.0076670050621032715,0.0029766555438007786
5060,"2024-08-16 10:23:08.073551","train",72,0.008866324089467525,0.0029502208659416772
5070,"2024-08-16 10:23:22.644722","train",72,0.007831685245037079,0.0029238437282354634
5080,"2024-08-16 10:23:37.208517","train",72,0.007730338256806135,0.0028975252149429564
5090,"2024-08-16 10:23:51.780649","train",72,0.007399406284093857,0.0028712664079151534
5100,"2024-08-16 10:24:06.357942","train",72,0.012351132929325104,0.0028450683865487623
5110,"2024-08-16 10:24:20.931519","train",72,0.008365374989807606,0.0028189322277418338
5120,"2024-08-16 10:24:37.595380","train",73,0.008188990876078606,0.002792859005849486
5130,"2024-08-16 10:24:52.159963","train",73,0.0080647524446249,0.0027668497926397486
5140,"2024-08-16 10:25:06.731725","train",73,0.01108209602534771,0.0027409056572495066
5150,"2024-08-16 10:25:21.301502","train",73,0.009416081011295319,0.00271502766614055
5160,"2024-08-16 10:25:35.878894","train",73,0.009541950188577175,0.002689216883055735
5170,"2024-08-16 10:25:50.450230","train",73,0.010991226881742477,0.0026634743689752617
5180,"2024-08-16 10:26:05.023484","train",73,0.009701970964670181,0.002637801182073056
5190,"2024-08-16 10:26:21.577707","train",74,0.010026797652244568,0.002612198377673277
5200,"2024-08-16 10:26:36.149671","train",74,0.011808183044195175,0.0025866670082069342
5210,"2024-08-16 10:26:50.719690","train",74,0.009627990424633026,0.002561208123168628
5220,"2024-08-16 10:27:05.287598","train",74,0.007455404382199049,0.002535822769073405
5230,"2024-08-16 10:27:19.857807","train",74,0.011701698414981365,0.0025105119894137445
5240,"2024-08-16 10:27:34.435241","train",74,0.008188902400434017,0.002485276824616663
5250,"2024-08-16 10:27:49.011899","train",74,0.008833814412355423,0.0024601183120009466
5260,"2024-08-16 10:28:05.587002","train",75,0.007923264056444168,0.0024350374857345113
5270,"2024-08-16 10:28:20.152264","train",75,0.012557047419250011,0.0024100353767918846
5280,"2024-08-16 10:28:34.718035","train",75,0.007687320001423359,0.0023851130129118434
5290,"2024-08-16 10:28:49.296088","train",75,0.00800463929772377,0.002360271418555152
5300,"2024-08-16 10:29:03.862520","train",75,0.008202961646020412,0.002335511614862457
5310,"2024-08-16 10:29:18.425761","train",75,0.008496723137795925,0.002310834619612308
5320,"2024-08-16 10:29:32.998531","train",75,0.010705477558076382,0.0022862414471793283
5330,"2024-08-16 10:29:49.580510","train",76,0.006656607147306204,0.0022617331084925107
5340,"2024-08-16 10:30:04.142359","train",76,0.006859756074845791,0.0022373106109936677
5350,"2024-08-16 10:30:18.708136","train",76,0.00912817008793354,0.002212974958596016
5360,"2024-08-16 10:30:33.267139","train",76,0.01104023214429617,0.002188727151642906
5370,"2024-08-16 10:30:47.831215","train",76,0.009291021153330803,0.0021645681868667104
5380,"2024-08-16 10:31:02.393252","train",76,0.008067002519965172,0.0021404990573478475
5390,"2024-08-16 10:31:16.964473","train",76,0.008236879482865334,0.0021165207524739605
5400,"2024-08-16 10:31:33.585268","train",77,0.007846763357520103,0.002092634257899245
5410,"2024-08-16 10:31:48.142453","train",77,0.006584992166608572,0.0020688405555039356
5420,"2024-08-16 10:32:02.700424","train",77,0.0069175297394394875,0.0020451406233539453
5430,"2024-08-16 10:32:17.259828","train",77,0.011482203379273415,0.0020215354356606582
5440,"2024-08-16 10:32:31.824699","train",77,0.00881019327789545,0.0019980259627408866
5450,"2024-08-16 10:32:46.396928","train",77,0.010659221559762955,0.0019746131709769787
5460,"2024-08-16 10:33:00.959618","train",77,0.012768486514687538,0.0019512980227771033
5470,"2024-08-16 10:33:17.645434","train",78,0.01027642097324133,0.0019280814765356852
5480,"2024-08-16 10:33:32.199734","train",78,0.009227477014064789,0.0019049644865940074
5490,"2024-08-16 10:33:46.757484","train",78,0.009928610175848007,0.0018819480032009814
5500,"2024-08-16 10:34:01.310103","train",78,0.007071507629007101,0.001859032972474091
5510,"2024-08-16 10:34:15.865565","train",78,0.009722931310534477,0.001836220336360498
5520,"2024-08-16 10:34:30.424849","train",78,0.006888749077916145,0.0018135110325983208
5530,"2024-08-16 10:34:44.986057","train",78,0.006854775827378035,0.001790905994678092
5540,"2024-08-16 10:35:01.617843","train",79,0.009462786838412285,0.0017684061518043821
5550,"2024-08-16 10:35:16.164801","train",79,0.010553155094385147,0.0017460124288576056
5560,"2024-08-16 10:35:30.714472","train",79,0.010734310373663902,0.0017237257463560032
5570,"2024-08-16 10:35:45.265185","train",79,0.011123297736048698,0.001701547020417803
5580,"2024-08-16 10:35:59.818222","train",79,0.010061250999569893,0.0016794771627235562
5590,"2024-08-16 10:36:14.372351","train",79,0.007420343812555075,0.0016575170804786737
5600,"2024-08-16 10:36:28.924090","train",79,0.013621596619486809,0.001635667676376124
5610,"2024-08-16 10:36:45.453633","train",80,0.01109544187784195,0.001613929848559332
5620,"2024-08-16 10:36:59.994862","train",80,0.009132123552262783,0.0015923044905852594
5630,"2024-08-16 10:37:14.538139","train",80,0.009551259689033031,0.0015707924913876687
5640,"2024-08-16 10:37:29.090782","train",80,0.011192841455340385,0.0015493947352405914
5650,"2024-08-16 10:37:43.634101","train",80,0.013550224713981152,0.0015281121017219732
5660,"2024-08-16 10:37:58.187859","train",80,0.010533012449741364,0.0015069454656775208
5670,"2024-08-16 10:38:12.744421","train",80,0.007625096943229437,0.001485895697184737
5680,"2024-08-16 10:38:29.320790","train",81,0.011104082688689232,0.0014649636615171587
5690,"2024-08-16 10:38:43.869008","train",81,0.011706754565238953,0.0014441502191087868
5700,"2024-08-16 10:38:58.422390","train",81,0.009813517332077026,0.0014234562255187179
5710,"2024-08-16 10:39:12.967755","train",81,0.011343158781528473,0.0014028825313959774
5720,"2024-08-16 10:39:27.520083","train",81,0.009054915979504585,0.0013824299824445455
5730,"2024-08-16 10:39:42.074685","train",81,0.009441167116165161,0.0013620994193886053
5740,"2024-08-16 10:39:56.629858","train",81,0.008970007300376892,0.0013418916779379731
5750,"2024-08-16 10:40:13.227666","train",82,0.010900072753429413,0.0013218075887537525
5760,"2024-08-16 10:40:27.774940","train",82,0.009913468733429909,0.001301847977414187
5770,"2024-08-16 10:40:42.322958","train",82,0.010210699401795864,0.0012820136643807193
5780,"2024-08-16 10:40:56.871899","train",82,0.007541220635175705,0.0012623054649642746
5790,"2024-08-16 10:41:11.428471","train",82,0.006520576775074005,0.0012427241892917387
5800,"2024-08-16 10:41:25.983517","train",82,0.008110216818749905,0.0012232706422726596
5810,"2024-08-16 10:41:40.540634","train",82,0.00804316159337759,0.0012039456235661613
5820,"2024-08-16 10:41:57.142537","train",83,0.012453656643629074,0.0011847499275480723
5830,"2024-08-16 10:42:11.692210","train",83,0.010507183149456978,0.001165684343278271
5840,"2024-08-16 10:42:26.244753","train",83,0.0066400570794939995,0.0011467496544682518
5850,"2024-08-16 10:42:40.800029","train",83,0.0072976574301719666,0.0011279466394489108
5860,"2024-08-16 10:42:55.361228","train",83,0.011896639131009579,0.0011092760711385473
5870,"2024-08-16 10:43:09.922396","train",83,0.010343902744352818,0.0010907387170110974
5880,"2024-08-16 10:43:24.488589","train",83,0.007893893867731094,0.0010723353390645837
5890,"2024-08-16 10:43:41.058245","train",84,0.007742849178612232,0.001054066693789794
5900,"2024-08-16 10:43:55.611736","train",84,0.009534940123558044,0.001035933532139179
5910,"2024-08-16 10:44:10.164413","train",84,0.009549055248498917,0.0010179365994959935
5920,"2024-08-16 10:44:24.720695","train",84,0.01073388196527958,0.0010000766356436487
5930,"2024-08-16 10:44:39.284563","train",84,0.011651581153273582,0.000982354374735305
5940,"2024-08-16 10:44:53.853191","train",84,0.010634303092956543,0.0009647705452636982
5950,"2024-08-16 10:45:08.418357","train",84,0.007824739441275597,0.0009473258700311834
5960,"2024-08-16 10:45:25.065238","train",85,0.009514868259429932,0.0009300210661200343
5970,"2024-08-16 10:45:39.622487","train",85,0.00825093500316143,0.000912856844862962
5980,"2024-08-16 10:45:54.180932","train",85,0.010528480634093285,0.0008958339118138753
5990,"2024-08-16 10:46:08.739149","train",85,0.010393649339675903,0.0008789529667188753
6000,"2024-08-16 10:46:23.306360","train",85,0.012306638062000275,0.0008622147034874981
6010,"2024-08-16 10:46:37.867975","train",85,0.009711217135190964,0.0008456198101641854
6020,"2024-08-16 10:46:52.438813","train",85,0.009745262563228607,0.0008291689689000047
6030,"2024-08-16 10:47:09.042102","train",86,0.009339667856693268,0.0008128628559246075
6040,"2024-08-16 10:47:23.596722","train",86,0.010341543704271317,0.0007967021415184292
6050,"2024-08-16 10:47:38.152516","train",86,0.008920392952859402,0.0007806874899851423
6060,"2024-08-16 10:47:52.713706","train",86,0.0064436765387654305,0.0007648195596243479
6070,"2024-08-16 10:48:07.272149","train",86,0.007828062400221825,0.0007490990027045126
6080,"2024-08-16 10:48:21.831747","train",86,0.007766149938106537,0.000733526465436157
6090,"2024-08-16 10:48:36.391217","train",86,0.007163593079894781,0.0007181025879452947
6100,"2024-08-16 10:48:53.169597","train",87,0.007142852991819382,0.0007028280042471188
6110,"2024-08-16 10:49:07.728542","train",87,0.006415877491235733,0.0006877033422199387
6120,"2024-08-16 10:49:22.287173","train",87,0.012118114158511162,0.0006727292235793718
6130,"2024-08-16 10:49:36.846566","train",87,0.01090594194829464,0.0006579062638527839
6140,"2024-08-16 10:49:51.406566","train",87,0.011162929236888885,0.0006432350723539926
6150,"2024-08-16 10:50:05.964102","train",87,0.006407210137695074,0.0006287162521582177
6160,"2024-08-16 10:50:20.520811","train",87,0.009646479040384293,0.0006143504000772914
6170,"2024-08-16 10:50:37.181924","train",88,0.006764712743461132,0.0006001381066351236
6180,"2024-08-16 10:50:51.738310","train",88,0.010765994898974895,0.0005860799560434342
6190,"2024-08-16 10:51:06.294917","train",88,0.007722764275968075,0.0005721765261777315
6200,"2024-08-16 10:51:20.852213","train",88,0.006182461977005005,0.0005584283885535606
6210,"2024-08-16 10:51:35.413253","train",88,0.010911917313933372,0.0005448361083030128
6220,"2024-08-16 10:51:49.969523","train",88,0.007521866820752621,0.0005314002441514903
6230,"2024-08-16 10:52:04.529938","train",88,0.009413539431989193,0.0005181213483947439
6240,"2024-08-16 10:52:21.197782","train",89,0.01043560542166233,0.0005049999668761689
6250,"2024-08-16 10:52:35.750446","train",89,0.010426236316561699,0.0004920366389643664
6260,"2024-08-16 10:52:50.304961","train",89,0.00729417335242033,0.0004792318975309741
6270,"2024-08-16 10:53:04.858135","train",89,0.009609146974980831,0.0004665862689287573
6280,"2024-08-16 10:53:19.414563","train",89,0.009914717637002468,0.00045410027296997944
6290,"2024-08-16 10:53:33.974061","train",89,0.008786987513303757,0.0004417744229050303
6300,"2024-08-16 10:53:48.524950","train",89,0.007567557971924543,0.00042960922540132875
6310,"2024-08-16 10:54:05.211801","train",90,0.010618507862091064,0.0004176051805224963
6320,"2024-08-16 10:54:19.757094","train",90,0.00915439147502184,0.0004057627817078015
6330,"2024-08-16 10:54:34.302245","train",90,0.007448799908161163,0.00039408251575187597
6340,"2024-08-16 10:54:48.854818","train",90,0.010636815801262856,0.00038256486278470447
6350,"2024-08-16 10:55:03.412328","train",90,0.008165031671524048,0.00037121029625189
6360,"2024-08-16 10:55:17.967910","train",90,0.01181306503713131,0.00036001928289518834
6370,"2024-08-16 10:55:32.524145","train",90,0.008240635506808758,0.0003489922827333274
6380,"2024-08-16 10:55:49.079410","train",91,0.007564154919236898,0.0003381297490430936
6390,"2024-08-16 10:56:03.630697","train",91,0.011367691680788994,0.0003274321283407023
6400,"2024-08-16 10:56:18.180538","train",91,0.006462331861257553,0.0003168998603634391
6410,"2024-08-16 10:56:32.725605","train",91,0.008101698011159897,0.0003065333780515896
6420,"2024-08-16 10:56:47.273835","train",91,0.006719156634062529,0.0002963331075306383
6430,"2024-08-16 10:57:01.825920","train",91,0.010118482634425163,0.0002862994680937557
6440,"2024-08-16 10:57:16.371745","train",91,0.007470082491636276,0.0002764328721845588
6450,"2024-08-16 10:57:32.965717","train",92,0.008608113043010235,0.00026673372538016106
6460,"2024-08-16 10:57:47.520282","train",92,0.006354965269565582,0.00025720242637449907
6470,"2024-08-16 10:58:02.074105","train",92,0.006311352364718914,0.0002478393669619426
6480,"2024-08-16 10:58:16.630728","train",92,0.009571067988872528,0.0002386449320211926
6490,"2024-08-16 10:58:31.185592","train",92,0.01171042025089264,0.0002296194994994561
6500,"2024-08-16 10:58:45.742707","train",92,0.0097691360861063,0.00022076344039691456
6510,"2024-08-16 10:59:00.298759","train",92,0.008248509839177132,0.00021207711875147076
6520,"2024-08-16 10:59:16.964999","train",93,0.010251762345433235,0.00020356089162378553
6530,"2024-08-16 10:59:31.511065","train",93,0.010516718029975891,0.00019521510908260067
6540,"2024-08-16 10:59:46.061297","train",93,0.006806011311709881,0.00018704011419034758
6550,"2024-08-16 11:00:00.616511","train",93,0.007340222597122192,0.00017903624298904727
6560,"2024-08-16 11:00:15.170539","train",93,0.007442144677042961,0.0001712038244864957
6570,"2024-08-16 11:00:29.723435","train",93,0.008698776364326477,0.00016354318064274037
6580,"2024-08-16 11:00:44.272113","train",93,0.008412731811404228,0.0001560546263568446
6590,"2024-08-16 11:01:00.845114","train",94,0.0070482580922544,0.0001487384694539448
6600,"2024-08-16 11:01:15.404314","train",94,0.006975125055760145,0.00014159501067259573
6610,"2024-08-16 11:01:29.956572","train",94,0.008197331801056862,0.00013462454365240905
6620,"2024-08-16 11:01:44.504896","train",94,0.006013498641550541,0.0001278273549219826
6630,"2024-08-16 11:01:59.058550","train",94,0.0076347291469573975,0.00012120372388712144
6640,"2024-08-16 11:02:13.620556","train",94,0.010504796169698238,0.00011475392281935475
6650,"2024-08-16 11:02:28.193642","train",94,0.008260579779744148,0.00010847821684474317
6660,"2024-08-16 11:02:44.899323","train",95,0.008402439765632153,0.00010237686393297819
6670,"2024-08-16 11:02:59.454780","train",95,0.00872303918004036,9.645011488678063e-05
6680,"2024-08-16 11:03:14.012673","train",95,0.010108580812811852,9.069821333159062e-05
6690,"2024-08-16 11:03:28.574363","train",95,0.010414520278573036,8.512139570555238e-05
6700,"2024-08-16 11:03:43.140831","train",95,0.010719145648181438,7.971989124979585e-05
6710,"2024-08-16 11:03:57.714403","train",95,0.008335544727742672,7.449392199901203e-05
6720,"2024-08-16 11:04:12.277039","train",95,0.010971772484481335,6.944370277232921e-05
6730,"2024-08-16 11:04:28.898461","train",96,0.010882345959544182,6.456944116447893e-05
6740,"2024-08-16 11:04:43.455496","train",96,0.008017577230930328,5.987133753726472e-05
6750,"2024-08-16 11:04:58.016074","train",96,0.011715717613697052,5.534958501132599e-05
6760,"2024-08-16 11:05:12.585196","train",96,0.006844548042863607,5.100436945819743e-05
6770,"2024-08-16 11:05:27.149038","train",96,0.008508697152137756,4.683586949267222e-05
6780,"2024-08-16 11:05:41.711911","train",96,0.00910414569079876,4.2844256465457376e-05
6790,"2024-08-16 11:05:56.283127","train",96,0.006181328557431698,3.902969445612953e-05
6800,"2024-08-16 11:06:12.920277","train",97,0.01175720989704132,3.539234026639301e-05
6810,"2024-08-16 11:06:27.487172","train",97,0.00865453016012907,3.1932343413631074e-05
6820,"2024-08-16 11:06:42.048666","train",97,0.010965539142489433,2.8649846124763325e-05
6830,"2024-08-16 11:06:56.618439","train",97,0.008093247190117836,2.55449833303963e-05
6840,"2024-08-16 11:07:11.173484","train",97,0.01030522957444191,2.2617882659278276e-05
6850,"2024-08-16 11:07:25.735973","train",97,0.00846470333635807,1.986866443305401e-05
6860,"2024-08-16 11:07:40.299017","train",97,0.006420848425477743,1.7297441661316485e-05
6870,"2024-08-16 11:07:56.980167","train",98,0.010403965599834919,1.4904320036962423e-05
6880,"2024-08-16 11:08:11.542907","train",98,0.009246557019650936,1.2689397931849163e-05
6890,"2024-08-16 11:08:26.099302","train",98,0.009306617081165314,1.0652766392749512e-05
6900,"2024-08-16 11:08:40.656903","train",98,0.010799355804920197,8.79450913760796e-06
6910,"2024-08-16 11:08:55.216666","train",98,0.009107835590839386,7.114702552103063e-06
6920,"2024-08-16 11:09:09.779125","train",98,0.006641001906245947,5.61341568650397e-06
6930,"2024-08-16 11:09:24.341596","train",98,0.008120629005134106,4.290710252833109e-06
6940,"2024-08-16 11:09:41.021074","train",99,0.010517232120037079,3.14664062233073e-06
6950,"2024-08-16 11:09:55.568778","train",99,0.008927485905587673,2.1812538232179035e-06
6960,"2024-08-16 11:10:10.121596","train",99,0.01088060811161995,1.3945895387652218e-06
6970,"2024-08-16 11:10:24.686108","train",99,0.008054709061980247,7.866801056599613e-07
6980,"2024-08-16 11:10:39.244002","train",99,0.010153532028198242,3.575505126779859e-07
6990,"2024-08-16 11:10:53.807416","train",99,0.006141486577689648,1.0721839965603699e-07
7000,"2024-08-16 11:11:08.367599","train",99,0.010349342599511147,3.5694056766834895e-08
